year,period,periodName,unemployment_rate,employed,Unemployed,civilian_labor_force,civilian_labor_force_participation_rate
1948,M01,January,3.4,58061,2034,60095,58.6
1948,M02,February,3.8,58196,2328,60524,58.9
1948,M03,March,4.0,57671,2399,60070,58.5
1948,M04,April,3.9,58291,2386,60677,59.0
1948,M05,May,3.5,57854,2118,59972,58.3
1948,M06,June,3.6,58743,2214,60957,59.2
1948,M07,July,3.6,58968,2213,61181,59.3
1948,M08,August,3.9,58456,2350,60806,58.9
1948,M09,September,3.8,58513,2302,60815,58.9
1948,M10,October,3.7,58387,2259,60646,58.7
1948,M11,November,3.8,58417,2285,60702,58.7
1948,M12,December,4.0,58740,2429,61169,59.1
1949,M01,January,4.3,58175,2596,60771,58.7
1949,M02,February,4.7,58208,2849,61057,59.0
1949,M03,March,5.0,58043,3030,61073,58.9
1949,M04,April,5.3,57747,3260,61007,58.8
1949,M05,May,6.1,57552,3707,61259,59.0
1949,M06,June,6.2,57172,3776,60948,58.6
1949,M07,July,6.7,57190,4111,61301,58.9
1949,M08,August,6.8,57397,4193,61590,59.2
1949,M09,September,6.6,57584,4049,61633,59.1
1949,M10,October,7.9,57269,4916,62185,59.6
1949,M11,November,6.4,58009,3996,62005,59.4
1949,M12,December,6.6,57845,4063,61908,59.2
1950,M01,January,6.5,57635,4026,61661,58.9
1950,M02,February,6.4,57751,3936,61687,58.9
1950,M03,March,6.3,57728,3876,61604,58.8
1950,M04,April,5.8,58583,3575,62158,59.2
1950,M05,May,5.5,58649,3434,62083,59.1
1950,M06,June,5.4,59052,3367,62419,59.4
1950,M07,July,5.0,59001,3120,62121,59.1
1950,M08,August,4.5,59797,2799,62596,59.5
1950,M09,September,4.4,59575,2774,62349,59.2
1950,M10,October,4.2,59803,2625,62428,59.4
1950,M11,November,4.2,59697,2589,62286,59.3
1950,M12,December,4.3,59429,2639,62068,59.2
1951,M01,January,3.7,59636,2305,61941,59.1
1951,M02,February,3.4,59661,2117,61778,59.1
1951,M03,March,3.4,60401,2125,62526,59.8
1951,M04,April,3.1,59889,1919,61808,59.1
1951,M05,May,3.0,60188,1856,62044,59.4
1951,M06,June,3.2,59620,1995,61615,59.0
1951,M07,July,3.1,60156,1950,62106,59.4
1951,M08,August,3.1,59994,1933,61927,59.2
1951,M09,September,3.3,59713,2067,61780,59.1
1951,M10,October,3.5,60010,2194,62204,59.4
1951,M11,November,3.5,59836,2178,62014,59.2
1951,M12,December,3.1,60497,1960,62457,59.6
1952,M01,January,3.2,60460,1972,62432,59.5
1952,M02,February,3.1,60462,1957,62419,59.5
1952,M03,March,2.9,59908,1813,61721,58.9
1952,M04,April,2.9,59909,1811,61720,58.8
1952,M05,May,3.0,60195,1863,62058,59.1
1952,M06,June,3.0,60219,1884,62103,59.1
1952,M07,July,3.2,59971,1991,61962,58.9
1952,M08,August,3.4,59790,2087,61877,58.7
1952,M09,September,3.1,60521,1936,62457,59.2
1952,M10,October,3.0,60132,1839,61971,58.7
1952,M11,November,2.8,60748,1743,62491,59.1
1952,M12,December,2.7,60954,1667,62621,59.2
1953,M01,January,2.9,61600,1839,63439,59.5
1953,M02,February,2.6,61884,1636,63520,59.5
1953,M03,March,2.6,62010,1647,63657,59.6
1953,M04,April,2.7,61444,1723,63167,59.1
1953,M05,May,2.5,61019,1596,62615,58.6
1953,M06,June,2.5,61456,1607,63063,58.9
1953,M07,July,2.6,61397,1660,63057,58.9
1953,M08,August,2.7,61151,1665,62816,58.6
1953,M09,September,2.9,60906,1821,62727,58.5
1953,M10,October,3.1,60893,1974,62867,58.5
1953,M11,November,3.5,60738,2211,62949,58.6
1953,M12,December,4.5,59977,2818,62795,58.3
1954,M01,January,4.9,60024,3077,63101,58.6
1954,M02,February,5.2,60663,3331,63994,59.3
1954,M03,March,5.7,60186,3607,63793,59.1
1954,M04,April,5.9,60185,3749,63934,59.2
1954,M05,May,5.9,59908,3767,63675,58.9
1954,M06,June,5.6,59792,3551,63343,58.5
1954,M07,July,5.8,59643,3659,63302,58.4
1954,M08,August,6.0,59853,3854,63707,58.7
1954,M09,September,6.1,60282,3927,64209,59.2
1954,M10,October,5.7,60270,3666,63936,58.8
1954,M11,November,5.3,60357,3402,63759,58.6
1954,M12,December,5.0,60116,3196,63312,58.1
1955,M01,January,4.9,60753,3157,63910,58.6
1955,M02,February,4.7,60727,2969,63696,58.4
1955,M03,March,4.6,60964,2918,63882,58.5
1955,M04,April,4.7,61515,3049,64564,59.0
1955,M05,May,4.3,61634,2747,64381,58.8
1955,M06,June,4.2,61781,2701,64482,58.8
1955,M07,July,4.0,62513,2632,65145,59.3
1955,M08,August,4.2,62797,2784,65581,59.7
1955,M09,September,4.1,62950,2678,65628,59.7
1955,M10,October,4.3,62991,2830,65821,59.8
1955,M11,November,4.2,63257,2780,66037,59.9
1955,M12,December,4.2,63684,2761,66445,60.2
1956,M01,January,4.0,63753,2666,66419,60.2
1956,M02,February,3.9,63518,2606,66124,59.9
1956,M03,March,4.2,63411,2764,66175,59.8
1956,M04,April,4.0,63614,2650,66264,59.9
1956,M05,May,4.3,63861,2861,66722,60.2
1956,M06,June,4.3,63820,2882,66702,60.1
1956,M07,July,4.4,63800,2952,66752,60.1
1956,M08,August,4.1,63972,2701,66673,60.0
1956,M09,September,3.9,64079,2635,66714,60.0
1956,M10,October,3.9,63975,2571,66546,59.8
1956,M11,November,4.3,63796,2861,66657,59.8
1956,M12,December,4.2,63910,2790,66700,59.8
1957,M01,January,4.2,63632,2796,66428,59.5
1957,M02,February,3.9,64257,2622,66879,59.9
1957,M03,March,3.7,64404,2509,66913,59.8
1957,M04,April,3.9,64047,2600,66647,59.5
1957,M05,May,4.1,63985,2710,66695,59.5
1957,M06,June,4.3,64196,2856,67052,59.8
1957,M07,July,4.2,64540,2796,67336,60.0
1957,M08,August,4.1,63959,2747,66706,59.3
1957,M09,September,4.4,64121,2943,67064,59.6
1957,M10,October,4.5,64046,3020,67066,59.5
1957,M11,November,5.1,63669,3454,67123,59.5
1957,M12,December,5.2,63922,3476,67398,59.6
1958,M01,January,5.8,63220,3875,67095,59.3
1958,M02,February,6.4,62898,4303,67201,59.3
1958,M03,March,6.7,62731,4492,67223,59.3
1958,M04,April,7.4,62631,5016,67647,59.6
1958,M05,May,7.4,62874,5021,67895,59.8
1958,M06,June,7.3,62730,4944,67674,59.5
1958,M07,July,7.5,62745,5079,67824,59.6
1958,M08,August,7.4,63012,5025,68037,59.8
1958,M09,September,7.1,63181,4821,68002,59.7
1958,M10,October,6.7,63475,4570,68045,59.6
1958,M11,November,6.2,63470,4188,67658,59.2
1958,M12,December,6.2,63549,4191,67740,59.2
1959,M01,January,6.0,63868,4068,67936,59.3
1959,M02,February,5.9,63684,3965,67649,59.0
1959,M03,March,5.6,64267,3801,68068,59.3
1959,M04,April,5.2,64768,3571,68339,59.4
1959,M05,May,5.1,64699,3479,68178,59.2
1959,M06,June,5.0,64849,3429,68278,59.2
1959,M07,July,5.1,65011,3528,68539,59.4
1959,M08,August,5.2,64844,3588,68432,59.2
1959,M09,September,5.5,64770,3775,68545,59.3
1959,M10,October,5.7,64911,3910,68821,59.4
1959,M11,November,5.8,64530,4003,68533,59.1
1959,M12,December,5.3,65341,3653,68994,59.5
1960,M01,January,5.2,65347,3615,68962,59.1
1960,M02,February,4.8,65620,3329,68949,59.1
1960,M03,March,5.4,64673,3726,68399,58.5
1960,M04,April,5.2,65959,3620,69579,59.5
1960,M05,May,5.1,66057,3569,69626,59.5
1960,M06,June,5.4,66168,3766,69934,59.7
1960,M07,July,5.5,65909,3836,69745,59.5
1960,M08,August,5.6,65895,3946,69841,59.5
1960,M09,September,5.5,66267,3884,70151,59.7
1960,M10,October,6.1,65632,4252,69884,59.4
1960,M11,November,6.1,66109,4330,70439,59.8
1960,M12,December,6.6,65778,4617,70395,59.7
1961,M01,January,6.6,65776,4671,70447,59.6
1961,M02,February,6.9,65588,4832,70420,59.6
1961,M03,March,6.9,65850,4853,70703,59.7
1961,M04,April,7.0,65374,4893,70267,59.3
1961,M05,May,7.1,65449,5003,70452,59.4
1961,M06,June,6.9,65993,4885,70878,59.7
1961,M07,July,7.0,65608,4928,70536,59.3
1961,M08,August,6.6,65852,4682,70534,59.3
1961,M09,September,6.7,65541,4676,70217,59.0
1961,M10,October,6.5,65919,4573,70492,59.1
1961,M11,November,6.1,66081,4295,70376,59.1
1961,M12,December,6.0,65900,4177,70077,58.8
1962,M01,January,5.8,66108,4081,70189,58.8
1962,M02,February,5.5,66538,3871,70409,59.0
1962,M03,March,5.6,66493,3921,70414,58.9
1962,M04,April,5.6,66372,3906,70278,58.7
1962,M05,May,5.5,66688,3863,70551,58.9
1962,M06,June,5.5,66670,3844,70514,58.8
1962,M07,July,5.4,66483,3819,70302,58.5
1962,M08,August,5.7,66968,4013,70981,59.0
1962,M09,September,5.6,67192,3961,71153,59.0
1962,M10,October,5.4,67114,3803,70917,58.7
1962,M11,November,5.7,66847,4024,70871,58.5
1962,M12,December,5.5,66947,3907,70854,58.4
1963,M01,January,5.7,67072,4074,71146,58.6
1963,M02,February,5.9,67024,4238,71262,58.6
1963,M03,March,5.7,67351,4072,71423,58.6
1963,M04,April,5.7,67642,4055,71697,58.8
1963,M05,May,5.9,67615,4217,71832,58.8
1963,M06,June,5.6,67649,3977,71626,58.5
1963,M07,July,5.6,67905,4051,71956,58.7
1963,M08,August,5.4,67908,3878,71786,58.5
1963,M09,September,5.5,68174,3957,72131,58.7
1963,M10,October,5.5,68294,3987,72281,58.8
1963,M11,November,5.7,68267,4151,72418,58.8
1963,M12,December,5.5,68213,3975,72188,58.5
1964,M01,January,5.6,68327,4029,72356,58.6
1964,M02,February,5.4,68751,3932,72683,58.8
1964,M03,March,5.4,68763,3950,72713,58.7
1964,M04,April,5.3,69356,3918,73274,59.1
1964,M05,May,5.1,69631,3764,73395,59.1
1964,M06,June,5.2,69218,3814,73032,58.7
1964,M07,July,4.9,69399,3608,73007,58.6
1964,M08,August,5.0,69463,3655,73118,58.6
1964,M09,September,5.1,69578,3712,73290,58.7
1964,M10,October,5.1,69582,3726,73308,58.6
1964,M11,November,4.8,69735,3551,73286,58.5
1964,M12,December,5.0,69814,3651,73465,58.6
1965,M01,January,4.9,69997,3572,73569,58.6
1965,M02,February,5.1,70127,3730,73857,58.7
1965,M03,March,4.7,70439,3510,73949,58.7
1965,M04,April,4.8,70633,3595,74228,58.8
1965,M05,May,4.6,71034,3432,74466,59.0
1965,M06,June,4.6,71025,3387,74412,58.8
1965,M07,July,4.4,71460,3301,74761,59.1
1965,M08,August,4.4,71362,3254,74616,58.9
1965,M09,September,4.3,71286,3216,74502,58.7
1965,M10,October,4.2,71695,3143,74838,58.9
1965,M11,November,4.1,71724,3073,74797,58.8
1965,M12,December,4.0,72062,3031,75093,59.0
1966,M01,January,4.0,72198,2988,75186,59.0
1966,M02,February,3.8,72134,2820,74954,58.8
1966,M03,March,3.8,72188,2887,75075,58.8
1966,M04,April,3.8,72510,2828,75338,59.0
1966,M05,May,3.9,72497,2950,75447,59.0
1966,M06,June,3.8,72775,2872,75647,59.1
1966,M07,July,3.8,72860,2876,75736,59.1
1966,M08,August,3.8,73146,2900,76046,59.3
1966,M09,September,3.7,73258,2798,76056,59.3
1966,M10,October,3.7,73401,2798,76199,59.3
1966,M11,November,3.6,73840,2770,76610,59.6
1966,M12,December,3.8,73729,2912,76641,59.5
1967,M01,January,3.9,73671,2968,76639,59.5
1967,M02,February,3.8,73606,2915,76521,59.3
1967,M03,March,3.8,73439,2889,76328,59.1
1967,M04,April,3.8,73882,2895,76777,59.4
1967,M05,May,3.8,73844,2929,76773,59.3
1967,M06,June,3.9,74278,2992,77270,59.6
1967,M07,July,3.8,74520,2944,77464,59.6
1967,M08,August,3.8,74767,2945,77712,59.7
1967,M09,September,3.8,74854,2958,77812,59.7
1967,M10,October,4.0,75051,3143,78194,59.9
1967,M11,November,3.9,75125,3066,78191,59.8
1967,M12,December,3.8,75473,3018,78491,59.9
1968,M01,January,3.7,74700,2878,77578,59.2
1968,M02,February,3.8,75229,3001,78230,59.6
1968,M03,March,3.7,75379,2877,78256,59.6
1968,M04,April,3.5,75561,2709,78270,59.5
1968,M05,May,3.5,76107,2740,78847,59.9
1968,M06,June,3.7,76182,2938,79120,60.0
1968,M07,July,3.7,76087,2883,78970,59.8
1968,M08,August,3.5,76043,2768,78811,59.6
1968,M09,September,3.4,76172,2686,78858,59.5
1968,M10,October,3.4,76224,2689,78913,59.5
1968,M11,November,3.4,76494,2715,79209,59.6
1968,M12,December,3.4,76778,2685,79463,59.7
1969,M01,January,3.4,76805,2718,79523,59.6
1969,M02,February,3.4,77327,2692,80019,60.0
1969,M03,March,3.4,77367,2712,80079,59.9
1969,M04,April,3.4,77523,2758,80281,60.0
1969,M05,May,3.4,77412,2713,80125,59.8
1969,M06,June,3.5,77880,2816,80696,60.1
1969,M07,July,3.5,77959,2868,80827,60.1
1969,M08,August,3.5,78250,2856,81106,60.3
1969,M09,September,3.7,78250,3040,81290,60.3
1969,M10,October,3.7,78445,3049,81494,60.4
1969,M11,November,3.5,78541,2856,81397,60.2
1969,M12,December,3.5,78740,2884,81624,60.2
1970,M01,January,3.9,78780,3201,81981,60.4
1970,M02,February,4.2,78698,3453,82151,60.4
1970,M03,March,4.4,78863,3635,82498,60.6
1970,M04,April,4.6,78930,3797,82727,60.6
1970,M05,May,4.8,78564,3919,82483,60.3
1970,M06,June,4.9,78413,4071,82484,60.2
1970,M07,July,5.0,78726,4175,82901,60.4
1970,M08,August,5.1,78624,4256,82880,60.3
1970,M09,September,5.4,78498,4456,82954,60.2
1970,M10,October,5.5,78685,4591,83276,60.4
1970,M11,November,5.9,78650,4898,83548,60.4
1970,M12,December,6.1,78594,5076,83670,60.4
1971,M01,January,5.9,78864,4986,83850,60.4
1971,M02,February,5.9,78700,4903,83603,60.1
1971,M03,March,6.0,78588,4987,83575,60.0
1971,M04,April,5.9,78987,4959,83946,60.1
1971,M05,May,5.9,79139,4996,84135,60.2
1971,M06,June,5.9,78757,4949,83706,59.8
1971,M07,July,6.0,79305,5035,84340,60.1
1971,M08,August,6.1,79539,5134,84673,60.2
1971,M09,September,6.0,79689,5042,84731,60.1
1971,M10,October,5.8,79918,4954,84872,60.1
1971,M11,November,6.0,80297,5161,85458,60.4
1971,M12,December,6.0,80471,5154,85625,60.4
1972,M01,January,5.8,80959,5019,85978,60.2
1972,M02,February,5.7,81108,4928,86036,60.2
1972,M03,March,5.8,81573,5038,86611,60.5
1972,M04,April,5.7,81655,4959,86614,60.4
1972,M05,May,5.7,81887,4922,86809,60.4
1972,M06,June,5.7,82083,4923,87006,60.4
1972,M07,July,5.6,82230,4913,87143,60.4
1972,M08,August,5.6,82578,4939,87517,60.6
1972,M09,September,5.5,82543,4849,87392,60.4
1972,M10,October,5.6,82616,4875,87491,60.3
1972,M11,November,5.3,82990,4602,87592,60.3
1972,M12,December,5.2,83400,4543,87943,60.5
1973,M01,January,4.9,83161,4326,87487,60.0
1973,M02,February,5.0,83912,4452,88364,60.5
1973,M03,March,4.9,84452,4394,88846,60.8
1973,M04,April,5.0,84559,4459,89018,60.8
1973,M05,May,4.9,84648,4329,88977,60.6
1973,M06,June,4.9,85185,4363,89548,60.9
1973,M07,July,4.8,85299,4305,89604,60.9
1973,M08,August,4.8,85204,4305,89509,60.7
1973,M09,September,4.8,85488,4350,89838,60.8
1973,M10,October,4.6,85987,4144,90131,60.9
1973,M11,November,4.8,86320,4396,90716,61.2
1973,M12,December,4.9,86401,4489,90890,61.2
1974,M01,January,5.1,86555,4644,91199,61.3
1974,M02,February,5.2,86754,4731,91485,61.4
1974,M03,March,5.1,86819,4634,91453,61.3
1974,M04,April,5.1,86669,4618,91287,61.1
1974,M05,May,5.1,86891,4705,91596,61.2
1974,M06,June,5.4,86941,4927,91868,61.2
1974,M07,July,5.5,87149,5063,92212,61.4
1974,M08,August,5.5,87037,5022,92059,61.2
1974,M09,September,5.9,87051,5437,92488,61.4
1974,M10,October,6.0,86995,5523,92518,61.3
1974,M11,November,6.6,86626,6140,92766,61.3
1974,M12,December,7.2,86144,6636,92780,61.2
1975,M01,January,8.1,85627,7501,93128,61.4
1975,M02,February,8.1,85256,7520,92776,61.0
1975,M03,March,8.6,85187,7978,93165,61.2
1975,M04,April,8.8,85189,8210,93399,61.3
1975,M05,May,9.0,85451,8433,93884,61.5
1975,M06,June,8.8,85355,8220,93575,61.2
1975,M07,July,8.6,85894,8127,94021,61.3
1975,M08,August,8.4,86234,7928,94162,61.3
1975,M09,September,8.4,86279,7923,94202,61.2
1975,M10,October,8.4,86370,7897,94267,61.2
1975,M11,November,8.3,86456,7794,94250,61.1
1975,M12,December,8.2,86665,7744,94409,61.1
1976,M01,January,7.9,87400,7534,94934,61.3
1976,M02,February,7.7,87672,7326,94998,61.3
1976,M03,March,7.6,87985,7230,95215,61.3
1976,M04,April,7.7,88416,7330,95746,61.6
1976,M05,May,7.4,88794,7053,95847,61.5
1976,M06,June,7.6,88563,7322,95885,61.5
1976,M07,July,7.8,89093,7490,96583,61.8
1976,M08,August,7.8,89223,7518,96741,61.8
1976,M09,September,7.6,89173,7380,96553,61.6
1976,M10,October,7.7,89274,7430,96704,61.6
1976,M11,November,7.8,89634,7620,97254,61.9
1976,M12,December,7.8,89803,7545,97348,61.8
1977,M01,January,7.5,89928,7280,97208,61.6
1977,M02,February,7.6,90342,7443,97785,61.9
1977,M03,March,7.4,90808,7307,98115,62.0
1977,M04,April,7.2,91271,7059,98330,62.1
1977,M05,May,7.0,91754,6911,98665,62.2
1977,M06,June,7.2,91959,7134,99093,62.4
1977,M07,July,6.9,92084,6829,98913,62.1
1977,M08,August,7.0,92441,6925,99366,62.3
1977,M09,September,6.8,92702,6751,99453,62.3
1977,M10,October,6.8,93052,6763,99815,62.4
1977,M11,November,6.8,93761,6815,100576,62.8
1977,M12,December,6.4,94105,6386,100491,62.7
1978,M01,January,6.4,94384,6489,100873,62.8
1978,M02,February,6.3,94519,6318,100837,62.7
1978,M03,March,6.3,94755,6337,101092,62.8
1978,M04,April,6.1,95394,6180,101574,63.0
1978,M05,May,6.0,95769,6127,101896,63.1
1978,M06,June,5.9,96343,6028,102371,63.3
1978,M07,July,6.2,96090,6309,102399,63.2
1978,M08,August,5.9,96431,6080,102511,63.2
1978,M09,September,6.0,96670,6125,102795,63.3
1978,M10,October,5.8,97133,5947,103080,63.3
1978,M11,November,5.9,97485,6077,103562,63.5
1978,M12,December,6.0,97581,6228,103809,63.6
1979,M01,January,5.9,97948,6109,104057,63.6
1979,M02,February,5.9,98329,6173,104502,63.8
1979,M03,March,5.8,98480,6109,104589,63.8
1979,M04,April,5.8,98103,6069,104172,63.5
1979,M05,May,5.6,98331,5840,104171,63.3
1979,M06,June,5.7,98679,5959,104638,63.5
1979,M07,July,5.7,99006,5996,105002,63.6
1979,M08,August,6.0,98776,6320,105096,63.6
1979,M09,September,5.9,99340,6190,105530,63.8
1979,M10,October,6.0,99404,6296,105700,63.7
1979,M11,November,5.9,99574,6238,105812,63.7
1979,M12,December,6.0,99933,6325,106258,63.9
1980,M01,January,6.3,99879,6683,106562,64.0
1980,M02,February,6.3,99995,6702,106697,64.0
1980,M03,March,6.3,99713,6729,106442,63.7
1980,M04,April,6.9,99233,7358,106591,63.8
1980,M05,May,7.5,98945,7984,106929,63.9
1980,M06,June,7.6,98682,8098,106780,63.7
1980,M07,July,7.8,98796,8363,107159,63.8
1980,M08,August,7.7,98824,8281,107105,63.7
1980,M09,September,7.5,99077,8021,107098,63.6
1980,M10,October,7.5,99317,8088,107405,63.7
1980,M11,November,7.5,99545,8023,107568,63.8
1980,M12,December,7.2,99634,7718,107352,63.6
1981,M01,January,7.5,99955,8071,108026,63.9
1981,M02,February,7.4,100191,8051,108242,63.9
1981,M03,March,7.4,100571,7982,108553,64.1
1981,M04,April,7.2,101056,7869,108925,64.2
1981,M05,May,7.5,101048,8174,109222,64.3
1981,M06,June,7.5,100298,8098,108396,63.7
1981,M07,July,7.2,100693,7863,108556,63.8
1981,M08,August,7.4,100689,8036,108725,63.8
1981,M09,September,7.6,100064,8230,108294,63.5
1981,M10,October,7.9,100378,8646,109024,63.8
1981,M11,November,8.3,100207,9029,109236,63.9
1981,M12,December,8.5,99645,9267,108912,63.6
1982,M01,January,8.6,99692,9397,109089,63.7
1982,M02,February,8.9,99762,9705,109467,63.8
1982,M03,March,9.0,99672,9895,109567,63.8
1982,M04,April,9.3,99576,10244,109820,63.9
1982,M05,May,9.4,100116,10335,110451,64.2
1982,M06,June,9.6,99543,10538,110081,63.9
1982,M07,July,9.8,99493,10849,110342,64.0
1982,M08,August,9.8,99633,10881,110514,64.1
1982,M09,September,10.1,99504,11217,110721,64.1
1982,M10,October,10.4,99215,11529,110744,64.1
1982,M11,November,10.8,99112,11938,111050,64.2
1982,M12,December,10.8,99032,12051,111083,64.1
1983,M01,January,10.4,99161,11534,110695,63.9
1983,M02,February,10.4,99089,11545,110634,63.8
1983,M03,March,10.3,99179,11408,110587,63.7
1983,M04,April,10.2,99560,11268,110828,63.8
1983,M05,May,10.1,99642,11154,110796,63.7
1983,M06,June,10.1,100633,11246,111879,64.3
1983,M07,July,9.4,101208,10548,111756,64.1
1983,M08,August,9.5,101608,10623,112231,64.3
1983,M09,September,9.2,102016,10282,112298,64.3
1983,M10,October,8.8,102039,9887,111926,64.0
1983,M11,November,8.5,102729,9499,112228,64.1
1983,M12,December,8.3,102996,9331,112327,64.1
1984,M01,January,8.0,103201,9008,112209,63.9
1984,M02,February,7.8,103824,8791,112615,64.1
1984,M03,March,7.8,103967,8746,112713,64.1
1984,M04,April,7.7,104336,8762,113098,64.3
1984,M05,May,7.4,105193,8456,113649,64.5
1984,M06,June,7.2,105591,8226,113817,64.6
1984,M07,July,7.5,105435,8537,113972,64.6
1984,M08,August,7.5,105163,8519,113682,64.4
1984,M09,September,7.3,105490,8367,113857,64.4
1984,M10,October,7.4,105638,8381,114019,64.4
1984,M11,November,7.2,105972,8198,114170,64.5
1984,M12,December,7.3,106223,8358,114581,64.6
1985,M01,January,7.3,106302,8423,114725,64.7
1985,M02,February,7.2,106555,8321,114876,64.7
1985,M03,March,7.2,106989,8339,115328,64.9
1985,M04,April,7.3,106936,8395,115331,64.9
1985,M05,May,7.2,106932,8302,115234,64.8
1985,M06,June,7.4,106505,8460,114965,64.6
1985,M07,July,7.4,106807,8513,115320,64.7
1985,M08,August,7.1,107095,8196,115291,64.6
1985,M09,September,7.1,107657,8248,115905,64.9
1985,M10,October,7.1,107847,8298,116145,65.0
1985,M11,November,7.0,108007,8128,116135,64.9
1985,M12,December,7.0,108216,8138,116354,65.0
1986,M01,January,6.7,108887,7795,116682,64.9
1986,M02,February,7.2,108480,8402,116882,65.0
1986,M03,March,7.2,108837,8383,117220,65.1
1986,M04,April,7.1,108952,8364,117316,65.1
1986,M05,May,7.2,109089,8439,117528,65.2
1986,M06,June,7.2,109576,8508,118084,65.4
1986,M07,July,7.0,109810,8319,118129,65.4
1986,M08,August,6.9,110015,8135,118150,65.3
1986,M09,September,7.0,110085,8310,118395,65.4
1986,M10,October,7.0,110273,8243,118516,65.4
1986,M11,November,6.9,110475,8159,118634,65.4
1986,M12,December,6.6,110728,7883,118611,65.3
1987,M01,January,6.6,110953,7892,118845,65.4
1987,M02,February,6.6,111257,7865,119122,65.5
1987,M03,March,6.6,111408,7862,119270,65.5
1987,M04,April,6.3,111794,7542,119336,65.4
1987,M05,May,6.3,112434,7574,120008,65.7
1987,M06,June,6.2,112246,7398,119644,65.5
1987,M07,July,6.1,112634,7268,119902,65.6
1987,M08,August,6.0,113057,7261,120318,65.7
1987,M09,September,5.9,112909,7102,120011,65.5
1987,M10,October,6.0,113282,7227,120509,65.7
1987,M11,November,5.8,113505,7035,120540,65.7
1987,M12,December,5.7,113793,6936,120729,65.7
1988,M01,January,5.7,114016,6953,120969,65.8
1988,M02,February,5.7,114227,6929,121156,65.9
1988,M03,March,5.7,114037,6876,120913,65.7
1988,M04,April,5.4,114650,6601,121251,65.8
1988,M05,May,5.6,114292,6779,121071,65.7
1988,M06,June,5.4,114927,6546,121473,65.8
1988,M07,July,5.4,115060,6605,121665,65.9
1988,M08,August,5.6,115282,6843,122125,66.1
1988,M09,September,5.4,115356,6604,121960,65.9
1988,M10,October,5.4,115638,6568,122206,66.0
1988,M11,November,5.3,116100,6537,122637,66.2
1988,M12,December,5.3,116104,6518,122622,66.1
1989,M01,January,5.4,116708,6682,123390,66.5
1989,M02,February,5.2,116776,6359,123135,66.3
1989,M03,March,5.0,117022,6205,123227,66.3
1989,M04,April,5.2,117097,6468,123565,66.4
1989,M05,May,5.2,117099,6375,123474,66.3
1989,M06,June,5.3,117418,6577,123995,66.5
1989,M07,July,5.2,117472,6495,123967,66.5
1989,M08,August,5.2,117655,6511,124166,66.5
1989,M09,September,5.3,117354,6590,123944,66.4
1989,M10,October,5.3,117581,6630,124211,66.5
1989,M11,November,5.4,117912,6725,124637,66.6
1989,M12,December,5.4,117830,6667,124497,66.5
1990,M01,January,5.4,119081,6752,125833,66.8
1990,M02,February,5.3,119059,6651,125710,66.7
1990,M03,March,5.2,119203,6598,125801,66.7
1990,M04,April,5.4,118852,6797,125649,66.6
1990,M05,May,5.4,119151,6742,125893,66.6
1990,M06,June,5.2,118983,6590,125573,66.4
1990,M07,July,5.5,118810,6922,125732,66.5
1990,M08,August,5.7,118802,7188,125990,66.5
1990,M09,September,5.9,118524,7368,125892,66.4
1990,M10,October,5.9,118536,7459,125995,66.4
1990,M11,November,6.2,118306,7764,126070,66.4
1990,M12,December,6.3,118241,7901,126142,66.4
1991,M01,January,6.4,117940,8015,125955,66.2
1991,M02,February,6.6,117755,8265,126020,66.2
1991,M03,March,6.8,117652,8586,126238,66.3
1991,M04,April,6.7,118109,8439,126548,66.4
1991,M05,May,6.9,117440,8736,126176,66.2
1991,M06,June,6.9,117639,8692,126331,66.2
1991,M07,July,6.8,117568,8586,126154,66.1
1991,M08,August,6.9,117484,8666,126150,66.0
1991,M09,September,6.9,117928,8722,126650,66.2
1991,M10,October,7.0,117800,8842,126642,66.1
1991,M11,November,7.0,117770,8931,126701,66.1
1991,M12,December,7.3,117466,9198,126664,66.0
1992,M01,January,7.3,117978,9283,127261,66.3
1992,M02,February,7.4,117753,9454,127207,66.2
1992,M03,March,7.4,118144,9460,127604,66.4
1992,M04,April,7.4,118426,9415,127841,66.5
1992,M05,May,7.6,118375,9744,128119,66.6
1992,M06,June,7.8,118419,10040,128459,66.7
1992,M07,July,7.7,118713,9850,128563,66.7
1992,M08,August,7.6,118826,9787,128613,66.6
1992,M09,September,7.6,118720,9781,128501,66.5
1992,M10,October,7.3,118628,9398,128026,66.2
1992,M11,November,7.4,118876,9565,128441,66.3
1992,M12,December,7.4,118997,9557,128554,66.3
1993,M01,January,7.3,119075,9325,128400,66.2
1993,M02,February,7.1,119275,9183,128458,66.2
1993,M03,March,7.0,119542,9056,128598,66.2
1993,M04,April,7.1,119474,9110,128584,66.1
1993,M05,May,7.1,120115,9149,129264,66.4
1993,M06,June,7.0,120290,9121,129411,66.5
1993,M07,July,6.9,120467,8930,129397,66.4
1993,M08,August,6.8,120856,8763,129619,66.4
1993,M09,September,6.7,120554,8714,129268,66.2
1993,M10,October,6.8,120823,8750,129573,66.3
1993,M11,November,6.6,121169,8542,129711,66.3
1993,M12,December,6.5,121464,8477,129941,66.4
1994,M01,January,6.6,121966,8630,130596,66.6
1994,M02,February,6.6,122086,8583,130669,66.6
1994,M03,March,6.5,121930,8470,130400,66.5
1994,M04,April,6.4,122290,8331,130621,66.5
1994,M05,May,6.1,122864,7915,130779,66.6
1994,M06,June,6.1,122634,7927,130561,66.4
1994,M07,July,6.1,122706,7946,130652,66.4
1994,M08,August,6.0,123342,7933,131275,66.6
1994,M09,September,5.9,123687,7734,131421,66.6
1994,M10,October,5.8,124112,7632,131744,66.7
1994,M11,November,5.6,124516,7375,131891,66.7
1994,M12,December,5.5,124721,7230,131951,66.7
1995,M01,January,5.6,124663,7375,132038,66.8
1995,M02,February,5.4,124928,7187,132115,66.8
1995,M03,March,5.4,124955,7153,132108,66.7
1995,M04,April,5.8,124945,7645,132590,66.9
1995,M05,May,5.6,124421,7430,131851,66.5
1995,M06,June,5.6,124522,7427,131949,66.5
1995,M07,July,5.7,124816,7527,132343,66.6
1995,M08,August,5.7,124852,7484,132336,66.6
1995,M09,September,5.6,125133,7478,132611,66.6
1995,M10,October,5.5,125388,7328,132716,66.6
1995,M11,November,5.6,125188,7426,132614,66.5
1995,M12,December,5.6,125088,7423,132511,66.4
1996,M01,January,5.6,125125,7491,132616,66.4
1996,M02,February,5.5,125639,7313,132952,66.6
1996,M03,March,5.5,125862,7318,133180,66.6
1996,M04,April,5.6,125994,7415,133409,66.7
1996,M05,May,5.6,126244,7423,133667,66.7
1996,M06,June,5.3,126602,7095,133697,66.7
1996,M07,July,5.5,126947,7337,134284,66.9
1996,M08,August,5.1,127172,6882,134054,66.7
1996,M09,September,5.2,127536,6979,134515,66.9
1996,M10,October,5.2,127890,7031,134921,67.0
1996,M11,November,5.4,127771,7236,135007,67.0
1996,M12,December,5.4,127860,7253,135113,67.0
1997,M01,January,5.3,128298,7158,135456,67.0
1997,M02,February,5.2,128298,7102,135400,66.9
1997,M03,March,5.2,128891,7000,135891,67.1
1997,M04,April,5.1,129143,6873,136016,67.1
1997,M05,May,4.9,129464,6655,136119,67.1
1997,M06,June,5.0,129412,6799,136211,67.1
1997,M07,July,4.9,129822,6655,136477,67.2
1997,M08,August,4.8,130010,6608,136618,67.2
1997,M09,September,4.9,130019,6656,136675,67.1
1997,M10,October,4.7,130179,6454,136633,67.1
1997,M11,November,4.6,130653,6308,136961,67.2
1997,M12,December,4.7,130679,6476,137155,67.2
1998,M01,January,4.6,130726,6368,137095,67.1
1998,M02,February,4.6,130807,6306,137112,67.1
1998,M03,March,4.7,130814,6422,137236,67.1
1998,M04,April,4.3,131209,5941,137150,67.0
1998,M05,May,4.4,131325,6047,137372,67.0
1998,M06,June,4.5,131244,6212,137455,67.0
1998,M07,July,4.5,131329,6259,137588,67.0
1998,M08,August,4.5,131390,6179,137570,67.0
1998,M09,September,4.6,131986,6300,138286,67.2
1998,M10,October,4.5,131999,6280,138279,67.2
1998,M11,November,4.4,132280,6100,138381,67.1
1998,M12,December,4.4,132602,6032,138634,67.2
1999,M01,January,4.3,133027,5976,139003,67.2
1999,M02,February,4.4,132856,6111,138967,67.2
1999,M03,March,4.2,132947,5783,138730,67.0
1999,M04,April,4.3,132955,6004,138959,67.1
1999,M05,May,4.2,133311,5796,139107,67.1
1999,M06,June,4.3,133378,5951,139329,67.1
1999,M07,July,4.3,133414,6025,139439,67.1
1999,M08,August,4.2,133591,5838,139430,67.0
1999,M09,September,4.2,133707,5915,139622,67.0
1999,M10,October,4.1,133993,5778,139771,67.0
1999,M11,November,4.1,134309,5716,140025,67.1
1999,M12,December,4.0,134523,5653,140177,67.1
2000,M01,January,4.0,136559,5708,142267,67.3
2000,M02,February,4.1,136598,5858,142456,67.3
2000,M03,March,4.0,136701,5733,142434,67.3
2000,M04,April,3.8,137270,5481,142751,67.3
2000,M05,May,4.0,136630,5758,142388,67.1
2000,M06,June,4.0,136940,5651,142591,67.1
2000,M07,July,4.0,136531,5747,142278,66.9
2000,M08,August,4.1,136662,5853,142514,66.9
2000,M09,September,3.9,136893,5625,142518,66.9
2000,M10,October,3.9,137088,5534,142622,66.8
2000,M11,November,3.9,137322,5639,142962,66.9
2000,M12,December,3.9,137614,5634,143248,67.0
2001,M01,January,4.2,137778,6023,143800,67.2
2001,M02,February,4.2,137612,6089,143701,67.1
2001,M03,March,4.3,137783,6141,143924,67.2
2001,M04,April,4.4,137299,6271,143569,66.9
2001,M05,May,4.3,137092,6226,143318,66.7
2001,M06,June,4.5,136873,6484,143357,66.7
2001,M07,July,4.6,137071,6583,143654,66.8
2001,M08,August,4.9,136241,7042,143284,66.5
2001,M09,September,5.0,136846,7142,143989,66.8
2001,M10,October,5.3,136392,7694,144086,66.7
2001,M11,November,5.5,136238,8003,144240,66.7
2001,M12,December,5.7,136047,8258,144305,66.7
2002,M01,January,5.7,135701,8182,143883,66.5
2002,M02,February,5.7,136438,8215,144653,66.8
2002,M03,March,5.7,136177,8304,144481,66.6
2002,M04,April,5.9,136126,8599,144725,66.7
2002,M05,May,5.8,136539,8399,144938,66.7
2002,M06,June,5.8,136415,8393,144808,66.6
2002,M07,July,5.8,136413,8390,144803,66.5
2002,M08,August,5.7,136705,8304,145009,66.6
2002,M09,September,5.7,137302,8251,145552,66.7
2002,M10,October,5.7,137008,8307,145314,66.6
2002,M11,November,5.9,136521,8520,145041,66.4
2002,M12,December,6.0,136426,8640,145066,66.3
2003,M01,January,5.8,137417,8520,145937,66.4
2003,M02,February,5.9,137482,8618,146100,66.4
2003,M03,March,5.9,137434,8588,146022,66.3
2003,M04,April,6.0,137633,8842,146474,66.4
2003,M05,May,6.1,137544,8957,146500,66.4
2003,M06,June,6.3,137790,9266,147056,66.5
2003,M07,July,6.2,137474,9011,146485,66.2
2003,M08,August,6.1,137549,8896,146445,66.1
2003,M09,September,6.1,137609,8921,146530,66.1
2003,M10,October,6.0,137984,8732,146716,66.1
2003,M11,November,5.8,138424,8576,147000,66.1
2003,M12,December,5.7,138411,8317,146729,65.9
2004,M01,January,5.7,138472,8370,146842,66.1
2004,M02,February,5.6,138542,8167,146709,66.0
2004,M03,March,5.8,138453,8491,146944,66.0
2004,M04,April,5.6,138680,8170,146850,65.9
2004,M05,May,5.6,138852,8212,147065,66.0
2004,M06,June,5.6,139174,8286,147460,66.1
2004,M07,July,5.5,139556,8136,147692,66.1
2004,M08,August,5.4,139573,7990,147564,66.0
2004,M09,September,5.4,139487,7927,147415,65.8
2004,M10,October,5.5,139732,8061,147793,65.9
2004,M11,November,5.4,140231,7932,148162,66.0
2004,M12,December,5.4,140125,7934,148059,65.9
2005,M01,January,5.3,140245,7784,148029,65.8
2005,M02,February,5.4,140385,7980,148364,65.9
2005,M03,March,5.2,140654,7737,148391,65.9
2005,M04,April,5.2,141254,7672,148926,66.1
2005,M05,May,5.1,141609,7651,149261,66.1
2005,M06,June,5.0,141714,7524,149238,66.1
2005,M07,July,5.0,142026,7406,149432,66.1
2005,M08,August,4.9,142434,7345,149779,66.2
2005,M09,September,5.0,142401,7553,149954,66.1
2005,M10,October,5.0,142548,7453,150001,66.1
2005,M11,November,5.0,142499,7566,150065,66.0
2005,M12,December,4.9,142752,7279,150030,66.0
2006,M01,January,4.7,143150,7064,150214,66.0
2006,M02,February,4.8,143457,7184,150641,66.1
2006,M03,March,4.7,143741,7072,150813,66.2
2006,M04,April,4.7,143761,7120,150881,66.1
2006,M05,May,4.6,144089,6980,151069,66.1
2006,M06,June,4.6,144353,7001,151354,66.2
2006,M07,July,4.7,144202,7175,151377,66.1
2006,M08,August,4.7,144625,7091,151716,66.2
2006,M09,September,4.5,144815,6847,151662,66.1
2006,M10,October,4.4,145314,6727,152041,66.2
2006,M11,November,4.5,145534,6872,152406,66.3
2006,M12,December,4.4,145970,6762,152732,66.4
2007,M01,January,4.6,146028,7116,153144,66.4
2007,M02,February,4.5,146057,6927,152983,66.3
2007,M03,March,4.4,146320,6731,153051,66.2
2007,M04,April,4.5,145586,6850,152435,65.9
2007,M05,May,4.4,145903,6766,152670,66.0
2007,M06,June,4.6,146063,6979,153041,66.0
2007,M07,July,4.7,145905,7149,153054,66.0
2007,M08,August,4.6,145682,7067,152749,65.8
2007,M09,September,4.7,146244,7170,153414,66.0
2007,M10,October,4.7,145946,7237,153183,65.8
2007,M11,November,4.7,146595,7240,153835,66.0
2007,M12,December,5.0,146273,7645,153918,66.0
2008,M01,January,5.0,146378,7685,154063,66.2
2008,M02,February,4.9,146156,7497,153653,66.0
2008,M03,March,5.1,146086,7822,153908,66.1
2008,M04,April,5.0,146132,7637,153769,65.9
2008,M05,May,5.4,145908,8395,154303,66.1
2008,M06,June,5.6,145737,8575,154313,66.1
2008,M07,July,5.8,145532,8937,154469,66.1
2008,M08,August,6.1,145203,9438,154641,66.1
2008,M09,September,6.1,145076,9494,154570,66.0
2008,M10,October,6.5,144802,10074,154876,66.0
2008,M11,November,6.8,144100,10538,154639,65.9
2008,M12,December,7.3,143369,11286,154655,65.8
2009,M01,January,7.8,142152,12058,154210,65.7
2009,M02,February,8.3,141640,12898,154538,65.8
2009,M03,March,8.7,140707,13426,154133,65.6
2009,M04,April,9.0,140656,13853,154509,65.7
2009,M05,May,9.4,140248,14499,154747,65.7
2009,M06,June,9.5,140009,14707,154716,65.7
2009,M07,July,9.5,139901,14601,154502,65.5
2009,M08,August,9.6,139492,14814,154307,65.4
2009,M09,September,9.8,138818,15009,153827,65.1
2009,M10,October,10.0,138432,15352,153784,65.0
2009,M11,November,9.9,138659,15219,153878,65.0
2009,M12,December,9.9,138013,15098,153111,64.6
2010,M01,January,9.8,138438,15046,153484,64.8
2010,M02,February,9.8,138581,15113,153694,64.9
2010,M03,March,9.9,138751,15202,153954,64.9
2010,M04,April,9.9,139297,15325,154622,65.2
2010,M05,May,9.6,139241,14849,154091,64.9
2010,M06,June,9.4,139141,14474,153616,64.6
2010,M07,July,9.4,139179,14512,153691,64.6
2010,M08,August,9.5,139438,14648,154086,64.7
2010,M09,September,9.5,139396,14579,153975,64.6
2010,M10,October,9.4,139119,14516,153635,64.4
2010,M11,November,9.8,139044,15081,154125,64.6
2010,M12,December,9.3,139301,14348,153650,64.3
2011,M01,January,9.1,139250,14013,153263,64.2
2011,M02,February,9.0,139394,13820,153214,64.1
2011,M03,March,9.0,139639,13737,153376,64.2
2011,M04,April,9.1,139586,13957,153543,64.2
2011,M05,May,9.0,139624,13855,153479,64.1
2011,M06,June,9.1,139384,13962,153346,64.0
2011,M07,July,9.0,139524,13763,153288,64.0
2011,M08,August,9.0,139942,13818,153760,64.1
2011,M09,September,9.0,140183,13948,154131,64.2
2011,M10,October,8.8,140368,13594,153961,64.1
2011,M11,November,8.6,140826,13302,154128,64.1
2011,M12,December,8.5,140902,13093,153995,64.0
2012,M01,January,8.3,141584,12797,154381,63.7
2012,M02,February,8.3,141858,12813,154671,63.8
2012,M03,March,8.2,142036,12713,154749,63.8
2012,M04,April,8.2,141899,12646,154545,63.7
2012,M05,May,8.2,142206,12660,154866,63.7
2012,M06,June,8.2,142391,12692,155083,63.8
2012,M07,July,8.2,142292,12656,154948,63.7
2012,M08,August,8.1,142291,12471,154763,63.5
2012,M09,September,7.8,143044,12115,155160,63.6
2012,M10,October,7.8,143431,12124,155554,63.8
2012,M11,November,7.7,143333,12005,155338,63.6
2012,M12,December,7.9,143330,12298,155628,63.7
2013,M01,January,8.0,143292,12471,155763,63.7
2013,M02,February,7.7,143362,11950,155312,63.4
2013,M03,March,7.5,143316,11689,155005,63.3
2013,M04,April,7.6,143635,11760,155394,63.4
2013,M05,May,7.5,143882,11654,155536,63.4
2013,M06,June,7.5,143999,11751,155749,63.4
2013,M07,July,7.3,144264,11335,155599,63.3
2013,M08,August,7.2,144326,11279,155605,63.3
2013,M09,September,7.2,144418,11270,155687,63.2
2013,M10,October,7.2,143537,11136,154673,62.8
2013,M11,November,6.9,144479,10787,155265,63.0
2013,M12,December,6.7,144778,10404,155182,62.9
2014,M01,January,6.6,145150,10202,155352,62.9
2014,M02,February,6.7,145134,10349,155483,62.9
2014,M03,March,6.7,145648,10380,156028,63.1
2014,M04,April,6.2,145667,9702,155369,62.8
2014,M05,May,6.3,145825,9859,155684,62.9
2014,M06,June,6.1,146247,9460,155707,62.8
2014,M07,July,6.2,146399,9608,156007,62.9
2014,M08,August,6.1,146530,9599,156130,62.9
2014,M09,September,5.9,146778,9262,156040,62.8
2014,M10,October,5.7,147427,8990,156417,62.9
2014,M11,November,5.8,147404,9090,156494,62.9
2014,M12,December,5.6,147615,8717,156332,62.8
2015,M01,January,5.7,148145,8885,157030,62.9
2015,M02,February,5.5,148045,8599,156644,62.7
2015,M03,March,5.4,148128,8515,156643,62.6
2015,M04,April,5.4,148511,8550,157060,62.8
2015,M05,May,5.6,148817,8834,157651,62.9
2015,M06,June,5.3,148816,8247,157062,62.7
2015,M07,July,5.2,148830,8167,156997,62.6
2015,M08,August,5.1,149181,7992,157172,62.6
2015,M09,September,5.0,148826,7907,156733,62.4
2015,M10,October,5.0,149246,7922,157167,62.5
2015,M11,November,5.1,149463,8000,157463,62.5
2015,M12,December,5.0,150128,7907,158035,62.7
2016,M01,January,4.9,150621,7721,158342,62.7
2016,M02,February,4.9,150908,7746,158653,62.8
2016,M03,March,5.0,151157,7945,159103,62.9
2016,M04,April,5.0,151006,7975,158981,62.8
2016,M05,May,4.8,151119,7668,158787,62.7
2016,M06,June,4.9,151187,7786,158973,62.7
2016,M07,July,4.8,151465,7658,159123,62.7
2016,M08,August,4.9,151770,7809,159579,62.9
2016,M09,September,5.0,151850,7967,159817,62.9
2016,M10,October,4.9,151907,7827,159734,62.8
2016,M11,November,4.7,152063,7488,159551,62.7
2016,M12,December,4.7,152216,7495,159710,62.7
2017,M01,January,4.7,152129,7518,159647,62.8
2017,M02,February,4.6,152368,7399,159767,62.8
2017,M03,March,4.4,152978,7088,160066,62.9
2017,M04,April,4.4,153224,7085,160309,63.0
2017,M05,May,4.4,153001,7059,160060,62.8
2017,M06,June,4.3,153299,6933,160232,62.8
2017,M07,July,4.3,153471,6867,160339,62.8
2017,M08,August,4.4,153593,7097,160690,62.9
2017,M09,September,4.2,154371,6841,161212,63.1
2017,M10,October,4.1,153779,6599,160378,62.7
2017,M11,November,4.2,153813,6697,160510,62.7
2017,M12,December,4.1,153977,6561,160538,62.7
2018,M01,January,4.1,154486,6582,161068,62.7
2018,M02,February,4.1,155142,6641,161783,63.0
2018,M03,March,4.0,155191,6493,161684,62.9
2018,M04,April,4.0,155324,6418,161742,62.9
2018,M05,May,3.8,155665,6209,161874,62.9
2018,M06,June,4.0,155750,6519,162269,63.0
2018,M07,July,3.8,155993,6180,162173,62.9
2018,M08,August,3.8,155601,6167,161768,62.7
2018,M09,September,3.7,156032,6045,162078,62.8
2018,M10,October,3.8,156482,6123,162605,62.9
2018,M11,November,3.7,156628,6034,162662,62.9
2018,M12,December,3.9,156825,6286,163111,63.0
2019,M01,January,4.0,156627,6516,163142,63.2
2019,M02,February,3.8,156866,6181,163047,63.1
2019,M03,March,3.8,156741,6194,162935,63.0
2019,M04,April,3.6,156696,5850,162546,62.8
2019,M05,May,3.6,156844,5938,162782,62.9
2019,M06,June,3.7,157148,5985,163133,63.0
2019,M07,July,3.7,157346,6027,163373,63.0
2019,M08,August,3.7,157895,5999,163894,63.2
2019,M09,September,3.5,158298,5753,164051,63.2
2019,M10,October,3.6,158544,5857,164401,63.3
2019,M11,November,3.5,158536,5811,164347,63.2
2019,M12,December,3.5,158803,5753,164556,63.2
2020,M01,January,3.6,158714,5892,164606,63.4
2020,M02,February,3.5,158759,5787,164546,63.4
2020,M03,March,4.4,155772,7140,162913,62.7
2020,M04,April,14.7,133403,23078,156481,60.2
2020,M05,May,13.3,137242,20985,158227,60.8
2020,M06,June,11.1,142182,17750,159932,61.5
2020,M07,July,10.2,143532,16338,159870,61.4
